{
  "timestamp": "2025-10-27T12:22:54.342127",
  "files_processed": 78,
  "total_exercises_generated": 470,
  "average_exercises_per_file": 6.0256410256410255
}