{
  "timestamp": "2025-10-27T12:22:58.992473",
  "files_processed": 78,
  "total_multimedia_items": 651,
  "average_multimedia_per_file": 8.346153846153847
}